Relatorio de Precos,Unnamed: 1,Unnamed: 2,Concatenado
,,,"nan,nan,nan"
Código,Exame,Valor,"Codigo,Exame,Valor"
17OHP,17 ALFA HIDROXIPROGESTERONA,64.8,"17OHP,17 ALFA HIDROXIPROGESTERONA,64.8"
17O12,17 ALFA HIDROXIPROGESTERONA - 120 MINUTOS,64.8,"17O12,17 ALFA HIDROXIPROGESTERONA - 120 MINUTOS,64.8"
17OH1,17 ALFA HIDROXIPROGESTERONA - 15 MINUTOS,64.8,"17OH1,17 ALFA HIDROXIPROGESTERONA - 15 MINUTOS,64.8"
17O15,17 ALFA HIDROXIPROGESTERONA - 150 MINUTOS,64.8,"17O15,17 ALFA HIDROXIPROGESTERONA - 150 MINUTOS,64.8"
17O18,17 ALFA HIDROXIPROGESTERONA - 180 MINUTOS,64.8,"17O18,17 ALFA HIDROXIPROGESTERONA - 180 MINUTOS,64.8"
17O24,17 ALFA HIDROXIPROGESTERONA - 240 MINUTOS,64.8,"17O24,17 ALFA HIDROXIPROGESTERONA - 240 MINUTOS,64.8"
17OH3,17 ALFA HIDROXIPROGESTERONA - 30 MINUTOS,64.8,"17OH3,17 ALFA HIDROXIPROGESTERONA - 30 MINUTOS,64.8"
17O45,17 ALFA HIDROXIPROGESTERONA - 45 MINUTOS,64.8,"17O45,17 ALFA HIDROXIPROGESTERONA - 45 MINUTOS,64.8"
17O60,17 ALFA HIDROXIPROGESTERONA - 60 MINUTOS,64.8,"17O60,17 ALFA HIDROXIPROGESTERONA - 60 MINUTOS,64.8"
17O90,17 ALFA HIDROXIPROGESTERONA - 90 MINUTOS,64.8,"17O90,17 ALFA HIDROXIPROGESTERONA - 90 MINUTOS,64.8"
ADAL,ÁCIDO DELTA AMINOLEVULÍNICO FINAL DE JORNADA,29.95,"ADAL,ACIDO DELTA AMINOLEVULINICO FINAL DE JORNADA,29.95"
ADALI,ÁCIDO DELTA AMINOLEVULÍNICO INICIO DE JORNADA,29.95,"ADALI,ACIDO DELTA AMINOLEVULINICO INICIO DE JORNADA,29.95"
AFOLI,ÁCIDO FÓLICO,42.6,"AFOLI,ACIDO FOLICO,42.6"
AH,ÁCIDO HIPÚRICO FINAL DE JORNADA DE TRABALHO,19.95,"AH,ACIDO HIPURICO FINAL DE JORNADA DE TRABALHO,19.95"
AHI,ÁCIDO HIPÚRICO INÍCIO DE JORNADA DE TRABALHO,19.95,"AHI,ACIDO HIPURICO INICIO DE JORNADA DE TRABALHO,19.95"
ACLAT,ÁCIDO LÁTICO - LACTATO,14.95,"ACLAT,ACIDO LATICO - LACTATO,14.95"
ACLALI,ÁCIDO LÁTICO EM LÍQUIDOS,14.95,"ACLALI,ACIDO LATICO EM LIQUIDOS,14.95"
ACLA2,ÁCIDO LÁTICO PÓS ESFORÇO,14.95,"ACLA2,ACIDO LATICO POS ESFORCO,14.95"
AMH,ÁCIDO METILHIPÚRICO FINAL DA JORNADA DE TRABALHO,19.95,"AMH,ACIDO METILHIPURICO FINAL DA JORNADA DE TRABALHO,19.95"
AMHI,ÁCIDO METILHIPÚRICO INÍCIO DE JORNADA DE TRABALHO,19.95,"AMHI,ACIDO METILHIPURICO INICIO DE JORNADA DE TRABALHO,19.95"
ACURI,ÁCIDO ÚRICO,12.7,"ACURI,ACIDO URICO,12.7"
ACUR,ÁCIDO ÚRICO URINÁRIO,12.7,"ACUR,ACIDO URICO URINARIO,12.7"
ACURU,ÁCIDO ÚRICO URINÁRIO 24 HORAS,12.7,"ACURU,ACIDO URICO URINARIO 24 HORAS,12.7"
AGP,ÁCIDOS GRAXOS - PESQUISA,14.95,"AGP,ACIDOS GRAXOS - PESQUISA,14.95"
TGP,ALANINA AMINOTRANSFERASE TGP,12.7,"TGP,ALANINA AMINOTRANSFERASE TGP,12.7"
ALBU,ALBUMINA,12.7,"ALBU,ALBUMINA,12.7"
ALDOS,ALDOSTERONA,85.15,"ALDOS,ALDOSTERONA,85.15"
ADS12,ALDOSTERONA - 120 MINUTOS,85.15,"ADS12,ALDOSTERONA - 120 MINUTOS,85.15"
ADS1,ALDOSTERONA - 15 MINUTOS,85.15,"ADS1,ALDOSTERONA - 15 MINUTOS,85.15"
ADS15,ALDOSTERONA - 150 MINUTOS,85.15,"ADS15,ALDOSTERONA - 150 MINUTOS,85.15"
ADS18,ALDOSTERONA - 180 MINUTOS,85.15,"ADS18,ALDOSTERONA - 180 MINUTOS,85.15"
ADS24,ALDOSTERONA - 240 MINUTOS,85.15,"ADS24,ALDOSTERONA - 240 MINUTOS,85.15"
ADS30,ALDOSTERONA - 30 MINUTOS,85.15,"ADS30,ALDOSTERONA - 30 MINUTOS,85.15"
ADS45,ALDOSTERONA - 45 MINUTOS,85.15,"ADS45,ALDOSTERONA - 45 MINUTOS,85.15"
ADS60,ALDOSTERONA - 60 MINUTOS,85.15,"ADS60,ALDOSTERONA - 60 MINUTOS,85.15"
ADS90,ALDOSTERONA - 90 MINUTOS,85.15,"ADS90,ALDOSTERONA - 90 MINUTOS,85.15"
A1A,ALFA 1 ANTITRIPSINA,49.95,"A1A,ALFA 1 ANTITRIPSINA,49.95"
A1GA,ALFA 1 GLICOPROTEÍNA ÁCIDA,19.95,"A1GA,ALFA 1 GLICOPROTEINA ACIDA,19.95"
ALUMS,ALUMÍNIO SÉRICO,44.95,"ALUMS,ALUMINIO SERICO,44.95"
ALUMI,ALUMÍNIO URINÁRIO INÍCIO DE JORNADA DE TRABALHO,33.9,"ALUMI,ALUMINIO URINARIO INICIO DE JORNADA DE TRABALHO,33.9"
AMILT,AMILASE TOTAL,12.7,"AMILT,AMILASE TOTAL,12.7"
AMILU,AMILASE URINÁRIA,12.7,"AMILU,AMILASE URINARIA,12.7"
GLIBC,AMOSTRA BASAL (EM JEJUM) DA CURVA DE GLICOSE,12.7,"GLIBC,AMOSTRA BASAL (EM JEJUM) DA CURVA DE GLICOSE,12.7"
TADLA,AMOSTRA BASAL (EM JEJUM) DA CURVA DE LACTOSE,19.95,"TADLA,AMOSTRA BASAL (EM JEJUM) DA CURVA DE LACTOSE,19.95"
HBHPLC,ANÁLISE DE HEMOGLOBINAS POR HPLC,66.85,"HBHPLC,ANALISE DE HEMOGLOBINAS POR HPLC,66.85"
BIOP,ANATOMOPATOLÓGICO DE BIÓPSIAS GERAIS,344.95,"BIOP,ANATOMOPATOLOGICO DE BIOPSIAS GERAIS,344.95"
ASM,ANTI - SM,49.95,"ASM,ANTI - SM,49.95"
ASSB,ANTI - SS - B (LA),49.95,"ASSB,ANTI - SS - B (LA),49.95"
ATRAA,ANTI - TRANSGLUTAMINASE IGA,144.95,"ATRAA,ANTI - TRANSGLUTAMINASE IGA,144.95"
ATRAG,ANTI - TRANSGLUTAMINASE IGG,144.95,"ATRAG,ANTI - TRANSGLUTAMINASE IGG,144.95"
ATRO3,ANTI - TROMBINA III,59.95,"ATRO3,ANTI - TROMBINA III,59.95"
ALUPI,ANTICOAGULANTE LÚPICO,69.95,"ALUPI,ANTICOAGULANTE LUPICO,69.95"
ENAII,ANTICORPOS ANTI ANTIGENO NUCLEAR EXTRAÍVEL (ENA II) SSA/RO SSB/LA,1100,"ENAII,ANTICORPOS ANTI ANTIGENO NUCLEAR EXTRAIVEL (ENA II) SSA/RO SSB/LA,1100"
ACCP,ANTICORPOS ANTI CITRULINA,707.25,"ACCP,ANTICORPOS ANTI CITRULINA,707.25"
ADNAB,ANTICORPOS ANTI ESTREPTOCOCCUS [DNAASE B],217.85,"ADNAB,ANTICORPOS ANTI ESTREPTOCOCCUS [DNAASE B],217.85"
ATPOA,ANTICORPOS ANTI TIROPEROXIDASE ,48.6,"ATPOA,ANTICORPOS ANTI TIROPEROXIDASE ,48.6"
ASLO,ANTIESTREPTOLISINA O,36.16,"ASLO,ANTIESTREPTOLISINA O,36.16"
CA50,ANTÍGENO CA 50 (MARCADOR TUMORAL),117,"CA50,ANTIGENO CA 50 (MARCADOR TUMORAL),117"
HEPDAG,ANTIGENO HEPATITE DELTA (HDVAG),480,"HEPDAG,ANTIGENO HEPATITE DELTA (HDVAG),480"
ATIRO,ANTI-TIREOGLOBULINA,36.85,"ATIRO,ANTI-TIREOGLOBULINA,36.85"
ATIREA,ANTI-TIREÓIDE ,83,"ATIREA,ANTI-TIREOIDE ,83"
APOA1,APOLIPOPROTEÍNA A  - I,29.95,"APOA1,APOLIPOPROTEINA A  - I,29.95"
APOB,APOLIPOPROTEÍNA B,29.95,"APOB,APOLIPOPROTEINA B,29.95"
ARSEN,ARSÊNIO URINÁRIO FINAL DE JORNADA DE TRABALHO,39.9,"ARSEN,ARSENIO URINARIO FINAL DE JORNADA DE TRABALHO,39.9"
ARSI,ARSÊNIO URINÁRIO INÍCIO DE JORNADA DE TRABALHO,39.9,"ARSI,ARSENIO URINARIO INICIO DE JORNADA DE TRABALHO,39.9"
TGO,ASPARTATO AMINOTRANSFERASE - TGO,12.7,"TGO,ASPARTATO AMINOTRANSFERASE - TGO,12.7"
B2MIC,BETA 2 MICROGLOBULINA,67.25,"B2MIC,BETA 2 MICROGLOBULINA,67.25"
B2MIU,BETA 2 MICROGLOBULINA URINÁRIA,67.25,"B2MIU,BETA 2 MICROGLOBULINA URINARIA,67.25"
BILIR,BILIRRUBINAS TOTAL E FRAÇÕES,12.7,"BILIR,BILIRRUBINAS TOTAL E FRACOES,12.7"
BIOP2,BIOPSIA - HISTOPATOLÓGICO ,344.95,"BIOP2,BIOPSIA - HISTOPATOLOGICO ,344.95"
BIOPD5,BIÓPSIA - HISTOPATOLÓGICO - DENTE / OSSO / UNHA ,610.35,"BIOPD5,BIOPSIA - HISTOPATOLOGICO - DENTE / OSSO / UNHA ,610.35"
BIOPF4,BIÓPSIA - HISTOPATOLÓGICO - FÍGADO,690,"BIOPF4,BIOPSIA - HISTOPATOLOGICO - FIGADO,690"
BIOPR,BIOPSIA - HISTOPATOLÓGICO - REVISÃO,486.4,"BIOPR,BIOPSIA - HISTOPATOLOGICO - REVISAO,486.4"
BPELE,BIÓPSIA DE PELE,561.6,"BPELE,BIOPSIA DE PELE,561.6"
POLQTX,BKV - POLIOMAVÍRUS - QUANTIFICACAO,1160.6,"POLQTX,BKV - POLIOMAVIRUS - QUANTIFICACAO,1160.6"
BNP,BNP - PEPTÍDEO NATRIURÉTICO,194.95,"BNP,BNP - PEPTIDEO NATRIURETICO,194.95"
BRC1S,BRCA1 - SEQUENCIAMENTO,4675,"BRC1S,BRCA1 - SEQUENCIAMENTO,4675"
BRC2S,BRCA2 - SEQUENCIAMENTO,4675,"BRC2S,BRCA2 - SEQUENCIAMENTO,4675"
CA125,CA 125,34.95,"CA125,CA 125,34.95"
CA153,CA 15-3,34.95,"CA153,CA 15-3,34.95"
CA199,CA 19-9,34.95,"CA199,CA 19-9,34.95"
CA,CÁLCIO,12.7,"CA,CALCIO,12.7"
CAIO,CÁLCIO IONIZADO,12.7,"CAIO,CALCIO IONIZADO,12.7"
CAUR,CÁLCIO URINÁRIO,12.7,"CAUR,CALCIO URINARIO,12.7"
CA24,CÁLCIO URINÁRIO 24 HORAS,12.7,"CA24,CALCIO URINARIO 24 HORAS,12.7"
CLF,CAPACIDADE LATENTE DE LIGAÇÃO DO FERRO,12.7,"CLF,CAPACIDADE LATENTE DE LIGACAO DO FERRO,12.7"
CTT,CAPACIDADE TOTAL DE LIGAÇÃO DO FERRO - TIBC,12.7,"CTT,CAPACIDADE TOTAL DE LIGACAO DO FERRO - TIBC,12.7"
CARDA,CARDIOLIPINA - ANTICORPOS IGA,51.45,"CARDA,CARDIOLIPINA - ANTICORPOS IGA,51.45"
CARDG,CARDIOLIPINA - ANTICORPOS IGG,46.3,"CARDG,CARDIOLIPINA - ANTICORPOS IGG,46.3"
CARDI,CARDIOLIPINA - ANTICORPOS IGG E IGM,94.85,"CARDI,CARDIOLIPINA - ANTICORPOS IGG E IGM,94.85"
CARDM,CARDIOLIPINA - ANTICORPOS IGM,45.55,"CARDM,CARDIOLIPINA - ANTICORPOS IGM,45.55"
ACEA,CEA - ANTÍGENO CARCINOEMBRIÔNICO,29.95,"ACEA,CEA - ANTIGENO CARCINOEMBRIONICO,29.95"
CERUP,CERULOPLASMINA,29.1,"CERUP,CERULOPLASMINA,29.1"
CHAEL,CHAGAS - ANTICORPOS IGG - ELISA,48.75,"CHAEL,CHAGAS - ANTICORPOS IGG - ELISA,48.75"
CHAIF,CHAGAS - ANTICORPOS IGG - IFI,43.4,"CHAIF,CHAGAS - ANTICORPOS IGG - IFI,43.4"
CHAMI,CHAGAS - ANTICORPOS IGM - IFI,43.4,"CHAMI,CHAGAS - ANTICORPOS IGM - IFI,43.4"
CHAHA,CHAGAS - HEMAGLUTINAÇÃO,17.75,"CHAHA,CHAGAS - HEMAGLUTINACAO,17.75"
CHANE,CHAGAS NEONATAL - ANTICORPOS TOTAIS,69.3,"CHANE,CHAGAS NEONATAL - ANTICORPOS TOTAIS,69.3"
CHLGT,CHLAMYDIA TRACHOMATIS -  ANTICORPOS IGG,71.75,"CHLGT,CHLAMYDIA TRACHOMATIS -  ANTICORPOS IGG,71.75"
CHLMT,CHLAMYDIA TRACHOMATIS -  ANTICORPOS IGM,59.9,"CHLMT,CHLAMYDIA TRACHOMATIS -  ANTICORPOS IGM,59.9"
CHLAI,CHLAMYDIA TRACHOMATIS - ANTICORPOS IGA,64.95,"CHLAI,CHLAMYDIA TRACHOMATIS - ANTICORPOS IGA,64.95"
CLHGE,CHLAMYDIA TRACHOMATIS - ANTICORPOS IGG,53.6,"CLHGE,CHLAMYDIA TRACHOMATIS - ANTICORPOS IGG,53.6"
CHLTM,CHLAMYDIA TRACHOMATIS - ANTICORPOS IGM,61.6,"CHLTM,CHLAMYDIA TRACHOMATIS - ANTICORPOS IGM,61.6"
CTPCR,CHLAMYDIA TRACHOMATIS - DETECÇÃO POR PCR,267.45,"CTPCR,CHLAMYDIA TRACHOMATIS - DETECCAO POR PCR,267.45"
CITES,CITOLOGIA DE ESCARRO,19.95,"CITES,CITOLOGIA DE ESCARRO,19.95"
CITOL,CITOLOGIA DE LÍQUIDOS E RASPADOS CUTÂNEOS,239.1,"CITOL,CITOLOGIA DE LIQUIDOS E RASPADOS CUTANEOS,239.1"
CITSE,CITOLOGIA DE SECREÇÕES,19.95,"CITSE,CITOLOGIA DE SECRECOES,19.95"
CITO,CITOLOGIA EM MEIO LÍQUIDO,75.81,"CITO,CITOLOGIA EM MEIO LIQUIDO,75.81"
CITHS,CITOLOGIA HORMONAL SERIADA,109.9,"CITHS,CITOLOGIA HORMONAL SERIADA,109.9"
CITL2,CITOLOGIA ONCÓTICA DE LÍQUIDOS E SECREÇÕES,158.63,"CITL2,CITOLOGIA ONCOTICA DE LIQUIDOS E SECRECOES,158.63"
CMVG,CITOMEGALOVÍRUS - ANTICORPOS IGG (CLIA),29.95,"CMVG,CITOMEGALOVIRUS - ANTICORPOS IGG (CLIA),29.95"
CMVM,CITOMEGALOVÍRUS - ANTICORPOS IGM (CLIA),34.95,"CMVM,CITOMEGALOVIRUS - ANTICORPOS IGM (CLIA),34.95"
CLORO,CLORETO,12.7,"CLORO,CLORETO,12.7"
CLOLQ,CLORETO NO LÍQUOR,12.7,"CLOLQ,CLORETO NO LIQUOR,12.7"
CLOU,CLORETO URINÁRIO,12.7,"CLOU,CLORETO URINARIO,12.7"
CLO24,CLORETO URINÁRIO 24 HORAS,12.7,"CLO24,CLORETO URINARIO 24 HORAS,12.7"
CLDIF2,CLOSTRIDIUM DIFFICILE - TOXINA A + B - 2ª AMOSTRA,517.5,"CLDIF2,CLOSTRIDIUM DIFFICILE - TOXINA A + B - 2a AMOSTRA,517.5"
CLDIF3,CLOSTRIDIUM DIFFICILE - TOXINA A + B - 3ª AMOSTRA,517.5,"CLDIF3,CLOSTRIDIUM DIFFICILE - TOXINA A + B - 3a AMOSTRA,517.5"
COAGU,COAGULOGRAMA,41.95,"COAGU,COAGULOGRAMA,41.95"
COBRE,COBRE,29.95,"COBRE,COBRE,29.95"
COB24,COBRE 24 HORAS,29.95,"COB24,COBRE 24 HORAS,29.95"
COBR,COBRE SÉRICO,29.95,"COBR,COBRE SERICO,29.95"
COBRU,COBRE URINÁRIO FINAL DE JORNADA DE TRABALHO,29.95,"COBRU,COBRE URINARIO FINAL DE JORNADA DE TRABALHO,29.95"
COBRI,COBRE URINÁRIO INÍCIO DE JORNADA DE TRABALHO,29.95,"COBRI,COBRE URINARIO INICIO DE JORNADA DE TRABALHO,29.95"
DSTSIFX,COMBO PAINEL MOLECULAR PARA DST E SÍFILIS ,2564.35,"DSTSIFX,COMBO PAINEL MOLECULAR PARA DST E SIFILIS ,2564.35"
CC3,COMPLEMENTO C3,19.95,"CC3,COMPLEMENTO C3,19.95"
CC4,COMPLEMENTO C4,19.95,"CC4,COMPLEMENTO C4,19.95"
CH50,COMPLEMENTO TOTAL - CH50,137.84,"CH50,COMPLEMENTO TOTAL - CH50,137.84"
CUDIR,COOMBS DIRETO,21.45,"CUDIR,COOMBS DIRETO,21.45"
CUIND,COOMBS INDIRETO,29.95,"CUIND,COOMBS INDIRETO,29.95"
CORTM,CORTISOL - 12 HORAS,12.35,"CORTM,CORTISOL - 12 HORAS,12.35"
COR12,CORTISOL - 120 MINUTOS,12.35,"COR12,CORTISOL - 120 MINUTOS,12.35"
CORT1,CORTISOL - 15 MINUTOS,12.35,"CORT1,CORTISOL - 15 MINUTOS,12.35"
COR15,CORTISOL - 150 MINUTOS,12.35,"COR15,CORTISOL - 150 MINUTOS,12.35"
COR16,CORTISOL - 16 HORAS,12.35,"COR16,CORTISOL - 16 HORAS,12.35"
COR18,CORTISOL - 180 MINUTOS,12.35,"COR18,CORTISOL - 180 MINUTOS,12.35"
COR20,CORTISOL - 20 MINUTOS,12.35,"COR20,CORTISOL - 20 MINUTOS,12.35"
COR22,CORTISOL - 22 HORAS,12.35,"COR22,CORTISOL - 22 HORAS,12.35"
COR24,CORTISOL - 240 MINUTOS,12.35,"COR24,CORTISOL - 240 MINUTOS,12.35"
CORT3,CORTISOL - 30 MINUTOS,12.35,"CORT3,CORTISOL - 30 MINUTOS,12.35"
COR40,CORTISOL - 40 MINUTOS,12.35,"COR40,CORTISOL - 40 MINUTOS,12.35"
CORT4,CORTISOL - 45 MINUTOS,12.35,"CORT4,CORTISOL - 45 MINUTOS,12.35"
CORT6,CORTISOL - 60 MINUTOS,12.35,"CORT6,CORTISOL - 60 MINUTOS,12.35"
CORT9,CORTISOL - 90 MINUTOS,12.35,"CORT9,CORTISOL - 90 MINUTOS,12.35"
CORTA,CORTISOL - TARDE,12.35,"CORTA,CORTISOL - TARDE,12.35"
CORTU,CORTISOL - URINA 24 HORAS,17.3,"CORTU,CORTISOL - URINA 24 HORAS,17.3"
CORT,CORTISOL BASAL,12.35,"CORT,CORTISOL BASAL,12.35"
CORS11,CORTISOL SALIVAR - AMOSTRA 11 HORAS,29,"CORS11,CORTISOL SALIVAR - AMOSTRA 11 HORAS,29"
CORTS,CORTISOL SALIVAR - AMOSTRA MANHÃ,29,"CORTS,CORTISOL SALIVAR - AMOSTRA MANHA,29"
CORS3,CORTISOL SALIVAR - AMOSTRA NOITE,29,"CORS3,CORTISOL SALIVAR - AMOSTRA NOITE,29"
CORS2,CORTISOL SALIVAR - AMOSTRA TARDE,29,"CORS2,CORTISOL SALIVAR - AMOSTRA TARDE,29"
CRE,CREATININA,12.7,"CRE,CREATININA,12.7"
CREU,CREATININA URINÁRIA,12.7,"CREU,CREATININA URINARIA,12.7"
CRE24,CREATININA URINÁRIA 24 HORAS,12.7,"CRE24,CREATININA URINARIA 24 HORAS,12.7"
DHE12,DEHIDROEPIANDROSTERONA - 120 MINUTOS,51.28,"DHE12,DEHIDROEPIANDROSTERONA - 120 MINUTOS,51.28"
DHE1,DEHIDROEPIANDROSTERONA - 15 MINUTOS,51.28,"DHE1,DEHIDROEPIANDROSTERONA - 15 MINUTOS,51.28"
DHE15,DEHIDROEPIANDROSTERONA - 150 MINUTOS,51.28,"DHE15,DEHIDROEPIANDROSTERONA - 150 MINUTOS,51.28"
DHE18,DEHIDROEPIANDROSTERONA - 180 MINUTOS,51.28,"DHE18,DEHIDROEPIANDROSTERONA - 180 MINUTOS,51.28"
DHE24,DEHIDROEPIANDROSTERONA - 240 MINUTOS,51.28,"DHE24,DEHIDROEPIANDROSTERONA - 240 MINUTOS,51.28"
DHE30,DEHIDROEPIANDROSTERONA - 30 MINUTOS,51.28,"DHE30,DEHIDROEPIANDROSTERONA - 30 MINUTOS,51.28"
DHE45,DEHIDROEPIANDROSTERONA - 45 MINUTOS,51.28,"DHE45,DEHIDROEPIANDROSTERONA - 45 MINUTOS,51.28"
DHE60,DEHIDROEPIANDROSTERONA - 60 MINUTOS,51.28,"DHE60,DEHIDROEPIANDROSTERONA - 60 MINUTOS,51.28"
DHE90,DEHIDROEPIANDROSTERONA - 90 MINUTOS,51.28,"DHE90,DEHIDROEPIANDROSTERONA - 90 MINUTOS,51.28"
DHEA,DEHIDROEPIANDROSTERONA - DHEA,51.28,"DHEA,DEHIDROEPIANDROSTERONA - DHEA,51.28"
DHS30,DEHIDROEPIANDROSTERONA SULFATO - 30 MINUTOS,16.7,"DHS30,DEHIDROEPIANDROSTERONA SULFATO - 30 MINUTOS,16.7"
DHS45,DEHIDROEPIANDROSTERONA SULFATO - 45 MINUTOS,16.7,"DHS45,DEHIDROEPIANDROSTERONA SULFATO - 45 MINUTOS,16.7"
DHS60,DEHIDROEPIANDROSTERONA SULFATO - 60 MINUTOS,16.7,"DHS60,DEHIDROEPIANDROSTERONA SULFATO - 60 MINUTOS,16.7"
DHS90,DEHIDROEPIANDROSTERONA SULFATO - 90 MINUTOS,16.7,"DHS90,DEHIDROEPIANDROSTERONA SULFATO - 90 MINUTOS,16.7"
CLCRE,DEPURAÇÃO DE CREATININA,12.7,"CLCRE,DEPURACAO DE CREATININA,12.7"
DSTPC4,DETECÇÃO DE DST'S (4 PATÓGENOS),394.95,"DSTPC4,DETECCAO DE DST'S (4 PATOGENOS),394.95"
DSTPC,DETECÇÃO DE DST'S (7 PATÓGENOS),499.45,"DSTPC,DETECCAO DE DST'S (7 PATOGENOS),499.45"
TOXOPLX,DETECÇÃO DE TOXOPLASMA GONDII XPRESS,696,"TOXOPLX,DETECCAO DE TOXOPLASMA GONDII XPRESS,696"
HPVGEN,DETECÇÃO E GENOTIPAGEM DE HPV,660,"HPVGEN,DETECCAO E GENOTIPAGEM DE HPV,660"
CMVEX,DETECÇÃO E QUANTIFICAÇÃO DE CITOMEGALOVÍRUS ,696.84,"CMVEX,DETECCAO E QUANTIFICACAO DE CITOMEGALOVIRUS ,696.84"
EBVEX,DETECÇÃO E QUANTIFICAÇÃO DO VÍRUS EPSTEIN-BARR,1232,"EBVEX,DETECCAO E QUANTIFICACAO DO VIRUS EPSTEIN-BARR,1232"
ZIKA,DETECÇÃO MOLECULAR DO ZIKA VIRUS,495,"ZIKA,DETECCAO MOLECULAR DO ZIKA VIRUS,495"
DTPH,DETERMINAÇÃO DO PH - FEZES,11.2,"DTPH,DETERMINACAO DO PH - FEZES,11.2"
DTPHU,DETERMINAÇÃO DO PH - URINA,11.2,"DTPHU,DETERMINACAO DO PH - URINA,11.2"
TREPCRX,DIAGNÓSTICO MOLECULAR DE TREPONEMA PALLIDUM ,1620,"TREPCRX,DIAGNOSTICO MOLECULAR DE TREPONEMA PALLIDUM ,1620"
DHT12,DI-HIDROTESTOSTERONA - 120 MINUTOS,58.6,"DHT12,DI-HIDROTESTOSTERONA - 120 MINUTOS,58.6"
DHT1,DI-HIDROTESTOSTERONA - 15 MINUTOS,58.6,"DHT1,DI-HIDROTESTOSTERONA - 15 MINUTOS,58.6"
DHT15,DI-HIDROTESTOSTERONA - 150 MINUTOS,58.6,"DHT15,DI-HIDROTESTOSTERONA - 150 MINUTOS,58.6"
DHT18,DI-HIDROTESTOSTERONA - 180 MINUTOS,58.6,"DHT18,DI-HIDROTESTOSTERONA - 180 MINUTOS,58.6"
DHT24,DI-HIDROTESTOSTERONA - 240 MINUTOS,58.6,"DHT24,DI-HIDROTESTOSTERONA - 240 MINUTOS,58.6"
DHT30,DI-HIDROTESTOSTERONA - 30 MINUTOS,58.6,"DHT30,DI-HIDROTESTOSTERONA - 30 MINUTOS,58.6"
DHT45,DI-HIDROTESTOSTERONA - 45 MINUTOS,58.6,"DHT45,DI-HIDROTESTOSTERONA - 45 MINUTOS,58.6"
DHT60,DI-HIDROTESTOSTERONA - 60 MINUTOS,58.6,"DHT60,DI-HIDROTESTOSTERONA - 60 MINUTOS,58.6"
DHT90,DI-HIDROTESTOSTERONA - 90 MINUTOS,58.6,"DHT90,DI-HIDROTESTOSTERONA - 90 MINUTOS,58.6"
DHT,DI-HIDROTESTOSTERONA - DHT SINÔNIMOS,58.6,"DHT,DI-HIDROTESTOSTERONA - DHT SINONIMOS,58.6"
HMB,DOSAGEM DE HEMOGLOBINA,14.45,"HMB,DOSAGEM DE HEMOGLOBINA,14.45"
ELHB,ELETROFORESE DE HEMOGLOBINA,48,"ELHB,ELETROFORESE DE HEMOGLOBINA,48"
ELIPO,ELETROFORESE DE LIPOPROTEÍNAS,72,"ELIPO,ELETROFORESE DE LIPOPROTEINAS,72"
ELPR,ELETROFORESE DE PROTEÍNAS,38,"ELPR,ELETROFORESE DE PROTEINAS,38"
ENVER,ENTEROBIUS VERMICULARIS,14.95,"ENVER,ENTEROBIUS VERMICULARIS,14.95"
EOSIF,EOSINÓFILOS - PESQUISA NAS FEZES,14.95,"EOSIF,EOSINOFILOS - PESQUISA NAS FEZES,14.95"
ESTR,ESTRADIOL,13.4,"ESTR,ESTRADIOL,13.4"
EST12,ESTRADIOL - 120 MINUTOS,13.4,"EST12,ESTRADIOL - 120 MINUTOS,13.4"
EST1,ESTRADIOL - 15 MINUTOS,13.4,"EST1,ESTRADIOL - 15 MINUTOS,13.4"
EST15,ESTRADIOL - 150 MINUTOS,13.4,"EST15,ESTRADIOL - 150 MINUTOS,13.4"
EST18,ESTRADIOL - 180 MINUTOS,13.4,"EST18,ESTRADIOL - 180 MINUTOS,13.4"
EST24,ESTRADIOL - 240 MINUTOS,13.4,"EST24,ESTRADIOL - 240 MINUTOS,13.4"
EST30,ESTRADIOL - 30 MINUTOS,13.4,"EST30,ESTRADIOL - 30 MINUTOS,13.4"
EST45,ESTRADIOL - 45 MINUTOS,13.4,"EST45,ESTRADIOL - 45 MINUTOS,13.4"
EST60,ESTRADIOL - 60 MINUTOS,13.4,"EST60,ESTRADIOL - 60 MINUTOS,13.4"
EST90,ESTRADIOL - 90 MINUTOS,13.4,"EST90,ESTRADIOL - 90 MINUTOS,13.4"
XESTRA,ESTRADIOL DILUÍDO,34.5,"XESTRA,ESTRADIOL DILUIDO,34.5"
ESTRI,ESTRIOL LIVRE,28.5,"ESTRI,ESTRIOL LIVRE,28.5"
PESTR,ESTRÓGENOS TOTAIS E FRAÇÕES,87,"PESTR,ESTROGENOS TOTAIS E FRACOES,87"
ESTRO,ESTRONA,52,"ESTRO,ESTRONA,52"
FALCI,FALCIZAÇÃO - PESQUISA,48,"FALCI,FALCIZACAO - PESQUISA,48"
FAN,FAN - PESQUISA DE AUTOANTICORPOS ANTICÉLULA,65,"FAN,FAN - PESQUISA DE AUTOANTICORPOS ANTICELULA,65"
FR,FATOR REUMATÓIDE,12.7,"FR,FATOR REUMATOIDE,12.7"
DU,FATOR RH,29.95,"DU,FATOR RH,29.95"
F5PCR,FATOR V DE LEIDEN - PESQUISA DA MUTAÇÃO ,246,"F5PCR,FATOR V DE LEIDEN - PESQUISA DA MUTACAO ,246"
PKU,FENILALANINA - PKU,34.1,"PKU,FENILALANINA - PKU,34.1"
FERRIA,FERRITINA  ,32.35,"FERRIA,FERRITINA  ,32.35"
FE,FERRO SÉRICO,12.7,"FE,FERRO SERICO,12.7"
FE24,FERRO URINÁRIO - 24 HORAS,56,"FE24,FERRO URINARIO - 24 HORAS,56"
FIBRI,FIBRINOGÊNIO,12.7,"FIBRI,FIBRINOGENIO,12.7"
FLUOR,FLUOR FINAL DA JORNADA DE TRABALHO,25.95,"FLUOR,FLUOR FINAL DA JORNADA DE TRABALHO,25.95"
FLUOI,FLUOR URINÁRIO INÍCIO DA JORNADA DE TRABALHO,25.95,"FLUOI,FLUOR URINARIO INICIO DA JORNADA DE TRABALHO,25.95"
FAP,FOSFATASE ÁCIDA PROSTÁTICA,12.7,"FAP,FOSFATASE ACIDA PROSTATICA,12.7"
FAT,FOSFATASE ÁCIDA TOTAL,12.7,"FAT,FOSFATASE ACIDA TOTAL,12.7"
FALC,FOSFATASE ALCALINA,12.7,"FALC,FOSFATASE ALCALINA,12.7"
FOS,FÓSFORO,12.7,"FOS,FOSFORO,12.7"
FOSU,FÓSFORO URINÁRIO - AMOSTRA ISOLADA,12.7,"FOSU,FOSFORO URINARIO - AMOSTRA ISOLADA,12.7"
FOS24,FOSFORO URINÁRIO 24 HORAS,12.7,"FOS24,FOSFORO URINARIO 24 HORAS,12.7"
FTAG,FTA - ABS - ANTICORPOS IGG,25,"FTAG,FTA - ABS - ANTICORPOS IGG,25"
FTAGL,FTA - ABS - ANTICORPOS IGG - LÍQUOR,25,"FTAGL,FTA - ABS - ANTICORPOS IGG - LIQUOR,25"
FTAM,FTA - ABS - ANTICORPOS IGM,15.45,"FTAM,FTA - ABS - ANTICORPOS IGM,15.45"
FTAML,FTA - ABS - ANTICORPOS IGM - LÍQUOR,15.45,"FTAML,FTA - ABS - ANTICORPOS IGM - LIQUOR,15.45"
GALTO,GALACTOSE + GALACTOSE-1-FOSTATO,43.95,"GALTO,GALACTOSE + GALACTOSE-1-FOSTATO,43.95"
GGT,GAMA GLUTAMIL TRANSFERASE,12.7,"GGT,GAMA GLUTAMIL TRANSFERASE,12.7"
HPVAB,GENOTIPAGEM DE HPV BAIXO RISCO E ALTO RISCO (28 GENÓTIPOS),620,"HPVAB,GENOTIPAGEM DE HPV BAIXO RISCO E ALTO RISCO (28 GENOTIPOS),620"
HPVBA,GENOTIPAGEM HPV BAIXO RISCO E ALTO RISCO (19 GENÓTIPOS),620,"HPVBA,GENOTIPAGEM HPV BAIXO RISCO E ALTO RISCO (19 GENOTIPOS),620"
GLI12,GLICOSE 120 MINUTOS,12.7,"GLI12,GLICOSE 120 MINUTOS,12.7"
GLI1,GLICOSE 15 MINUTOS,12.7,"GLI1,GLICOSE 15 MINUTOS,12.7"
GLI15,GLICOSE 150 MINUTOS,12.7,"GLI15,GLICOSE 150 MINUTOS,12.7"
GLI18,GLICOSE 180 MINUTOS,12.7,"GLI18,GLICOSE 180 MINUTOS,12.7"
GLI21,GLICOSE 210 MINUTOS,12.7,"GLI21,GLICOSE 210 MINUTOS,12.7"
GLI24,GLICOSE 240 MINUTOS,12.7,"GLI24,GLICOSE 240 MINUTOS,12.7"
GLI27,GLICOSE 270 MINUTOS,12.7,"GLI27,GLICOSE 270 MINUTOS,12.7"
GLI30,GLICOSE 30 MINUTOS,12.7,"GLI30,GLICOSE 30 MINUTOS,12.7"
GL300,GLICOSE 300 MINUTOS,12.7,"GL300,GLICOSE 300 MINUTOS,12.7"
GLI45,GLICOSE 45 MINUTOS,12.7,"GLI45,GLICOSE 45 MINUTOS,12.7"
GLI60,GLICOSE 60 MINUTOS,12.7,"GLI60,GLICOSE 60 MINUTOS,12.7"
GLI90,GLICOSE 90 MINUTOS,12.7,"GLI90,GLICOSE 90 MINUTOS,12.7"
GLICA,GLICOSE AO ACASO,12.7,"GLICA,GLICOSE AO ACASO,12.7"
GLILIQ,GLICOSE EM LÍQUIDOS ,12.7,"GLILIQ,GLICOSE EM LIQUIDOS ,12.7"
GLI,GLICOSE JEJUM,12.7,"GLI,GLICOSE JEJUM,12.7"
GLIDI,GLICOSE POS DIALISE,12.7,"GLIDI,GLICOSE POS DIALISE,12.7"
GLIPP,GLICOSE PÓS-PRANDIAL 2H APÓS REFEIÇÃO,12.7,"GLIPP,GLICOSE POS-PRANDIAL 2H APOS REFEICAO,12.7"
GLIUT,GLICOSE URINÁRIA 24 HORAS,12.7,"GLIUT,GLICOSE URINARIA 24 HORAS,12.7"
G6PDS,GLICOSE-6 FOSFATO DESIDROGENASE G6PD- SANGUE TOTAL,57,"G6PDS,GLICOSE-6 FOSFATO DESIDROGENASE G6PD- SANGUE TOTAL,57"
GLICU,GLICOSURIA,12.7,"GLICU,GLICOSURIA,12.7"
SHBGA,GLOBULINA LIGADORA DE HORMÔNIOS SEXUAIS ,63.95,"SHBGA,GLOBULINA LIGADORA DE HORMONIOS SEXUAIS ,63.95"
TIPA,GRUPO SANGUÍNEO E FATOR RH,48,"TIPA,GRUPO SANGUINEO E FATOR RH,48"
HCGQT,HCG - GONADOTROFINA CORIÔNICA,34.95,"HCGQT,HCG - GONADOTROFINA CORIONICA,34.95"
HCGH,HCG - GONADOTROFINA CORIÔNICA (MOLÉCULA INTACTA + FRAÇÃO BETA),46.45,"HCGH,HCG - GONADOTROFINA CORIONICA (MOLECULA INTACTA + FRACAO BETA),46.45"
HBA2,HEMOGLOBINA A2,64.85,"HBA2,HEMOGLOBINA A2,64.85"
HBF,HEMOGLOBINA FETAL,64.85,"HBF,HEMOGLOBINA FETAL,64.85"
HBA1C,HEMOGLOBINA GLICADA - A1C,16.2,"HBA1C,HEMOGLOBINA GLICADA - A1C,16.2"
HBH,HEMOGLOBINA H - PESQUISA,64.85,"HBH,HEMOGLOBINA H - PESQUISA,64.85"
HBS,HEMOGLOBINA S,64.85,"HBS,HEMOGLOBINA S,64.85"
HEMO,HEMOGRAMA,16.15,"HEMO,HEMOGRAMA,16.15"
HVAG,HEPATITE A - ANTI - HVA IGG,24.95,"HVAG,HEPATITE A - ANTI - HVA IGG,24.95"
HVAM,HEPATITE A - ANTI - HVA IGM,24.95,"HVAM,HEPATITE A - ANTI - HVA IGM,24.95"
HBCM,HEPATITE B - ANTI - HBC - IGM,20.95,"HBCM,HEPATITE B - ANTI - HBC - IGM,20.95"
AHBE,HEPATITE B - ANTI - HBE,12.95,"AHBE,HEPATITE B - ANTI - HBE,12.95"
HBQL,HEPATITE B - ANTI - HBS,14.4,"HBQL,HEPATITE B - ANTI - HBS,14.4"
HBCG,HEPATITE B - ANTI-HBC TOTAL,16.15,"HBCG,HEPATITE B - ANTI-HBC TOTAL,16.15"
HBEAG,HEPATITE B - HBEAG,14.95,"HBEAG,HEPATITE B - HBEAG,14.95"
AAU,HEPATITE B - HBSAG,16.15,"AAU,HEPATITE B - HBSAG,16.15"
AHCV,HEPATITE C - ANTI - HCV,32.85,"AHCV,HEPATITE C - ANTI - HCV,32.85"
HERP,HERPES - PESQUISA,19.95,"HERP,HERPES - PESQUISA,19.95"
HERG,HERPES 1 E 2 - ANTICORPOS IGG,59.45,"HERG,HERPES 1 E 2 - ANTICORPOS IGG,59.45"
HERGL,HERPES 1 E 2 - ANTICORPOS IGG - LÍQUOR,62.36,"HERGL,HERPES 1 E 2 - ANTICORPOS IGG - LIQUOR,62.36"
HERM,HERPES 1 E 2 - ANTICORPOS IGM,59.55,"HERM,HERPES 1 E 2 - ANTICORPOS IGM,59.55"
HS1G,HERPES SIMPLES 1 IGG,174,"HS1G,HERPES SIMPLES 1 IGG,174"
HS2G,HERPES SIMPLES 2 IGG,136,"HS2G,HERPES SIMPLES 2 IGG,136"
HER6PX,HERPESVÍRUS HUMANO TIPO 6 EXPRESS,668,"HER6PX,HERPESVIRUS HUMANO TIPO 6 EXPRESS,668"
HISTO,HISTONA - ANTICORPOS,87,"HISTO,HISTONA - ANTICORPOS,87"
HIV,HIV 1 E 2 - ANTÍGENO E ANTICORPOS - CLIA - TESTE DE TRIAGEM,32.35,"HIV,HIV 1 E 2 - ANTIGENO E ANTICORPOS - CLIA - TESTE DE TRIAGEM,32.35"
HIV2P,HIV 1 E 2 - ANTÍGENO E ANTICORPOS - CLIE E ECLIA - TESTE DE TRIAGEM,37.15,"HIV2P,HIV 1 E 2 - ANTIGENO E ANTICORPOS - CLIE E ECLIA - TESTE DE TRIAGEM,37.15"
HIV1,HIV 1 E 2 - ANTÍGENO E ANTICORPOS - ECLIA - TESTE DE TRIAGEM,38.8,"HIV1,HIV 1 E 2 - ANTIGENO E ANTICORPOS - ECLIA - TESTE DE TRIAGEM,38.8"
HIVN,HIV 1 E 2 - NEONATAL,51.45,"HIVN,HIV 1 E 2 - NEONATAL,51.45"
HOC,HOMOCISTEÍNA,56,"HOC,HOMOCISTEINA,56"
FSHA,HORMÔNIO FOLÍCULO ESTIMULANTE ,24.95,"FSHA,HORMONIO FOLICULO ESTIMULANTE ,24.95"
FSH12,HORMÔNIO FOLICULO ESTIMULANTE - 120 MINUTOS,24.95,"FSH12,HORMONIO FOLICULO ESTIMULANTE - 120 MINUTOS,24.95"
FSH1,HORMÔNIO FOLICULO ESTIMULANTE - 15 MINUTOS,24.95,"FSH1,HORMONIO FOLICULO ESTIMULANTE - 15 MINUTOS,24.95"
FSH15,HORMÔNIO FOLICULO ESTIMULANTE - 150 MINUTOS,24.95,"FSH15,HORMONIO FOLICULO ESTIMULANTE - 150 MINUTOS,24.95"
FSH18,HORMÔNIO FOLICULO ESTIMULANTE - 180 MINUTOS,24.95,"FSH18,HORMONIO FOLICULO ESTIMULANTE - 180 MINUTOS,24.95"
FSH24,HORMÔNIO FOLICULO ESTIMULANTE - 240 MINUTOS,24.95,"FSH24,HORMONIO FOLICULO ESTIMULANTE - 240 MINUTOS,24.95"
FSH30,HORMÔNIO FOLICULO ESTIMULANTE - 30 MINUTOS,24.95,"FSH30,HORMONIO FOLICULO ESTIMULANTE - 30 MINUTOS,24.95"
FSH45,HORMÔNIO FOLICULO ESTIMULANTE - 45 MINUTOS,24.95,"FSH45,HORMONIO FOLICULO ESTIMULANTE - 45 MINUTOS,24.95"
FSH60,HORMÔNIO FOLICULO ESTIMULANTE - 60 MINUTOS,24.95,"FSH60,HORMONIO FOLICULO ESTIMULANTE - 60 MINUTOS,24.95"
FSH90,HORMÔNIO FOLICULO ESTIMULANTE - 90 MINUTOS,24.95,"FSH90,HORMONIO FOLICULO ESTIMULANTE - 90 MINUTOS,24.95"
FSH,HORMÔNIO FOLÍCULO ESTIMULANTE - FSH,24.95,"FSH,HORMONIO FOLICULO ESTIMULANTE - FSH,24.95"
LHA,HORMÔNIO LUTEINIZANTE - LH,24.95,"LHA,HORMONIO LUTEINIZANTE - LH,24.95"
LH12,HORMÔNIO LUTEINIZANTE-LH 120 MINUTOS ,24.95,"LH12,HORMONIO LUTEINIZANTE-LH 120 MINUTOS ,24.95"
LH1,HORMÔNIO LUTEINIZANTE-LH 15 MINUTOS ,24.95,"LH1,HORMONIO LUTEINIZANTE-LH 15 MINUTOS ,24.95"
LH15,HORMÔNIO LUTEINIZANTE-LH 150 MINUTOS,24.95,"LH15,HORMONIO LUTEINIZANTE-LH 150 MINUTOS,24.95"
LH18,HORMÔNIO LUTEINIZANTE-LH 180 MINUTOS,24.95,"LH18,HORMONIO LUTEINIZANTE-LH 180 MINUTOS,24.95"
LH24,HORMÔNIO LUTEINIZANTE-LH 240 MINUTOS ,24.95,"LH24,HORMONIO LUTEINIZANTE-LH 240 MINUTOS ,24.95"
LH30,HORMÔNIO LUTEINIZANTE-LH 30 MINUTOS ,24.95,"LH30,HORMONIO LUTEINIZANTE-LH 30 MINUTOS ,24.95"
LH45,HORMÔNIO LUTEINIZANTE-LH 45 MINUTOS ,24.95,"LH45,HORMONIO LUTEINIZANTE-LH 45 MINUTOS ,24.95"
LH60,HORMÔNIO LUTEINIZANTE-LH 60 MINUTOS ,24.95,"LH60,HORMONIO LUTEINIZANTE-LH 60 MINUTOS ,24.95"
LH90,HORMÔNIO LUTEINIZANTE-LH 90 MINUTOS ,24.95,"LH90,HORMONIO LUTEINIZANTE-LH 90 MINUTOS ,24.95"
HPVB,"HPV BAIXO RISCO GENOTIPAGEM 6, 11 E 42",580,"HPVB,HPV BAIXO RISCO GENOTIPAGEM 6, 11 E 42,580"
HTLV,HTLV I/II - ANTICORPOS,27.3,"HTLV,HTLV I/II - ANTICORPOS,27.3"
IMU24,IMUNOFIXAÇÃO DE PROTEÍNAS EM URINA DE 24 HORAS,805.73,"IMU24,IMUNOFIXACAO DE PROTEINAS EM URINA DE 24 HORAS,805.73"
IMUS,IMUNOFIXAÇÃO DE PROTEÍNAS SÉRICAS - QUALITATIVO,494.45,"IMUS,IMUNOFIXACAO DE PROTEINAS SERICAS - QUALITATIVO,494.45"
IMUSS,IMUNOFIXAÇÃO DE PROTEÍNAS SÉRICAS - QUANTITATIVO,439.95,"IMUSS,IMUNOFIXACAO DE PROTEINAS SERICAS - QUANTITATIVO,439.95"
IALA,ÍNDICE DE ANDRÓGENOS LIVRES ,180.25,"IALA,INDICE DE ANDROGENOS LIVRES ,180.25"
IHB,ÍNDICE DE HOMA - BETA,34.95,"IHB,INDICE DE HOMA - BETA,34.95"
IHBIR,ÍNDICE DE HOMA - IR,34.95,"IHBIR,INDICE DE HOMA - IR,34.95"
IT4L,ÍNDICE TIROXINA LIVRE,33.6,"IT4L,INDICE TIROXINA LIVRE,33.6"
INS,INSULINA,37.75,"INS,INSULINA,37.75"
IN300,INSULINA - 300 MINUTOS,37.75,"IN300,INSULINA - 300 MINUTOS,37.75"
INS12,INSULINA 120 MINUTOS,37.75,"INS12,INSULINA 120 MINUTOS,37.75"
INS1,INSULINA 15 MINUTOS,37.75,"INS1,INSULINA 15 MINUTOS,37.75"
INS15,INSULINA 150 MINUTOS,37.75,"INS15,INSULINA 150 MINUTOS,37.75"
INS17,INSULINA 17 HORAS,37.75,"INS17,INSULINA 17 HORAS,37.75"
INS18,INSULINA 180 MINUTOS,37.75,"INS18,INSULINA 180 MINUTOS,37.75"
INS20,INSULINA 20 MINUTOS,37.75,"INS20,INSULINA 20 MINUTOS,37.75"
INS21,INSULINA 210 MINUTOS,37.75,"INS21,INSULINA 210 MINUTOS,37.75"
INS24,INSULINA 240 MINUTOS,37.75,"INS24,INSULINA 240 MINUTOS,37.75"
INS30,INSULINA 30 MINUTOS,37.75,"INS30,INSULINA 30 MINUTOS,37.75"
INS45,INSULINA 45 MINUTOS,37.75,"INS45,INSULINA 45 MINUTOS,37.75"
INS60,INSULINA 60 MINUTOS,37.75,"INS60,INSULINA 60 MINUTOS,37.75"
INS90,INSULINA 90 MINUTOS,37.75,"INS90,INSULINA 90 MINUTOS,37.75"
INSD,INSULINA PÓS DEXTROSOL,37.75,"INSD,INSULINA POS DEXTROSOL,37.75"
INSIN,INSULINA PÓS INSULINA,37.75,"INSIN,INSULINA POS INSULINA,37.75"
INSPP,INSULINA PÓS PRANDIAL,37.75,"INSPP,INSULINA POS PRANDIAL,37.75"
LDH,LDH - LACTATO DESIDROGENASE,12.7,"LDH,LDH - LACTATO DESIDROGENASE,12.7"
LIPAS,LIPASE,21.95,"LIPAS,LIPASE,21.95"
LIPI,LÍPIDES TOTAIS,12.7,"LIPI,LIPIDES TOTAIS,12.7"
LPA,LIPOPROTEÍNA A,59.95,"LPA,LIPOPROTEINA A,59.95"
LISTEX,"LISTERIA ANTICORPOS, SORO",198,"LISTEX,LISTERIA ANTICORPOS, SORO,198"
LITIO,LÍTIO,32.15,"LITIO,LITIO,32.15"
MACRO,MACROPROLACTINA,34.95,"MACRO,MACROPROLACTINA,34.95"
MAG,MAGNÉSIO,12.7,"MAG,MAGNESIO,12.7"
MAGU,MAGNÉSIO URINÁRIO,12.7,"MAGU,MAGNESIO URINARIO,12.7"
MAG24,MAGNÉSIO URINARIO 24 HORAS,12.7,"MAG24,MAGNESIO URINARIO 24 HORAS,12.7"
MG24,MANGANÊS URINÁRIO 24 HORAS,36,"MG24,MANGANES URINARIO 24 HORAS,36"
MANUR,MANGANÊS URINARIO FINAL DE JORNADA DE TRABALHO,36,"MANUR,MANGANES URINARIO FINAL DE JORNADA DE TRABALHO,36"
MANUI,MANGANÊS URINÁRIO INÍCIO DE JORNADA DE TRABALHO,36,"MANUI,MANGANES URINARIO INICIO DE JORNADA DE TRABALHO,36"
MERUR,MERCÚRIO URINA FINAL DE JORNADA DE TRABALHO,36,"MERUR,MERCURIO URINA FINAL DE JORNADA DE TRABALHO,36"
MERUI,MERCÚRIO URINA INÍCIO DE JORNADA DE TRABALHO,36,"MERUI,MERCURIO URINA INICIO DE JORNADA DE TRABALHO,36"
MHB,METAHEMOGLOBINA,34.1,"MHB,METAHEMOGLOBINA,34.1"
METAU,METANEFRINA URINÁRIA,360,"METAU,METANEFRINA URINARIA,360"
METP,METANEFRINAS FRACIONADAS,248,"METP,METANEFRINAS FRACIONADAS,248"
METTF,METANEFRINAS FRAÇÕES E TOTAIS,356,"METTF,METANEFRINAS FRACOES E TOTAIS,356"
METU,METANOL URINÁRIO FINAL DE JORNADA DE TRABALHO,39.9,"METU,METANOL URINARIO FINAL DE JORNADA DE TRABALHO,39.9"
METUI,METANOL URINÁRIO INÍCIO DE JORNADA DE TRABALHO,39.9,"METUI,METANOL URINARIO INICIO DE JORNADA DE TRABALHO,39.9"
MICAL,MICROALBUMINÚRIA,24.95,"MICAL,MICROALBUMINURIA,24.95"
MIC12,MICROALBUMINÚRIA - 12 HORAS,24.95,"MIC12,MICROALBUMINURIA - 12 HORAS,24.95"
MIC24,MICROALBUMINÚRIA - 24 HORAS,24.95,"MIC24,MICROALBUMINURIA - 24 HORAS,24.95"
MIC6,MICROALBUMINÚRIA - 6 HORAS,24.95,"MIC6,MICROALBUMINURIA - 6 HORAS,24.95"
MUCOP,MUCOPROTEÍNA,19.95,"MUCOP,MUCOPROTEINA,19.95"
PZDC,"PAINEL DE ARBOVIROSES (DENGUE, ZIKA E CHIKUNGUNYA)",689,"PZDC,PAINEL DE ARBOVIROSES (DENGUE, ZIKA E CHIKUNGUNYA),689"
HPVABX,PAINEL HPV - DETECÇÃO E GENOTIPAGEM - 35 GENÓTIPOS,702,"HPVABX,PAINEL HPV - DETECCAO E GENOTIPAGEM - 35 GENOTIPOS,702"
PZDCX,PAINEL ZIKA DENGUE CHIKUNGUNYA,1254,"PZDCX,PAINEL ZIKA DENGUE CHIKUNGUNYA,1254"
PAPA,PAPANICOLAOU - CITOPATOLÓGICO,46.41,"PAPA,PAPANICOLAOU - CITOPATOLOGICO,46.41"
HPVC,PAPILOMAVÍRUS HUMANO (HPV),329.91,"HPVC,PAPILOMAVIRUS HUMANO (HPV),329.91"
HPVRT,PAPILOMAVÍRUS HUMANO (HPV) - SONDAS DE ALTO RISCO,494.95,"HPVRT,PAPILOMAVIRUS HUMANO (HPV) - SONDAS DE ALTO RISCO,494.95"
HPVCH,PAPILOMAVÍRUS HUMANO (HPV) POR CAPTURA HÍBRIDA,541.25,"HPVCH,PAPILOMAVIRUS HUMANO (HPV) POR CAPTURA HIBRIDA,541.25"
PARA,PARASITOLÓGICO ,11.7,"PARA,PARASITOLOGICO ,11.7"
PTHA,PARATORMÔNIO,32.35,"PTHA,PARATORMONIO,32.35"
PTH,PARATORMÔNIO - PTH - MOLÉCULA INTACTA,29.95,"PTH,PARATORMONIO - PTH - MOLECULA INTACTA,29.95"
UPAR,PARCIAL DE URINA,23.65,"UPAR,PARCIAL DE URINA,23.65"
PEPCA,PEPTÍDEO C ,45,"PEPCA,PEPTIDEO C ,45"
PEP12A,PEPTÍDEO C - 120 MINUTOS ,45,"PEP12A,PEPTIDEO C - 120 MINUTOS ,45"
PEP1A,PEPTÍDEO C - 15 MINUTOS ,45,"PEP1A,PEPTIDEO C - 15 MINUTOS ,45"
PEP15A,PEPTÍDEO C - 150 MINUTOS ,45,"PEP15A,PEPTIDEO C - 150 MINUTOS ,45"
PEP18A,PEPTÍDEO C - 180 MINUTOS ,45,"PEP18A,PEPTIDEO C - 180 MINUTOS ,45"
PEP24A,PEPTÍDEO C - 240 MINUTOS ,45,"PEP24A,PEPTIDEO C - 240 MINUTOS ,45"
PEP30A,PEPTÍDEO C - 30 MINUTOS ,45,"PEP30A,PEPTIDEO C - 30 MINUTOS ,45"
PEP300A,PEPTÍDEO C - 300 MINUTOS ,45,"PEP300A,PEPTIDEO C - 300 MINUTOS ,45"
PEP45A,PEPTÍDEO C - 45 MINUTOS ,45,"PEP45A,PEPTIDEO C - 45 MINUTOS ,45"
PEP60A,PEPTÍDEO C - 60 MINUTOS ,45,"PEP60A,PEPTIDEO C - 60 MINUTOS ,45"
PEP90A,PEPTÍDEO C - 90 MINUTOS ,45,"PEP90A,PEPTIDEO C - 90 MINUTOS ,45"
PEPPPA,PEPTÍDEO C - PÓS PRANDIAL ,45,"PEPPPA,PEPTIDEO C - POS PRANDIAL ,45"
TPINFEC,PERFIL INFECCIOSO,520,"TPINFEC,PERFIL INFECCIOSO,520"
LIPID,PERFIL LIPÍDICO,46.35,"LIPID,PERFIL LIPIDICO,46.35"
LUPIC,PESQUISA DE ANTICOAGULANTE LÚPICO INTEGRADO,92,"LUPIC,PESQUISA DE ANTICOAGULANTE LUPICO INTEGRADO,92"
K,POTASSIO,12.7,"K,POTASSIO,12.7"
KU,POTÁSSIO URINÁRIO,12.7,"KU,POTASSIO URINARIO,12.7"
K24,POTÁSSIO URINÁRIO - 24 HORAS,19.25,"K24,POTASSIO URINARIO - 24 HORAS,19.25"
PBNP,PRÓ BNP - N - TERMINAL,280,"PBNP,PRO BNP - N - TERMINAL,280"
PROGA,PROGESTERONA  ,41.4,"PROGA,PROGESTERONA  ,41.4"
PROL,PROLACTINA,19.95,"PROL,PROLACTINA,19.95"
PRL12,PROLACTINA - 120 MINUTOS,19.95,"PRL12,PROLACTINA - 120 MINUTOS,19.95"
PRL1,PROLACTINA - 15 MINUTOS,19.95,"PRL1,PROLACTINA - 15 MINUTOS,19.95"
PRL15,PROLACTINA - 150 MINUTOS,19.95,"PRL15,PROLACTINA - 150 MINUTOS,19.95"
PRL18,PROLACTINA - 180 MINUTOS,19.95,"PRL18,PROLACTINA - 180 MINUTOS,19.95"
PRL24,PROLACTINA - 240 MINUTOS,19.95,"PRL24,PROLACTINA - 240 MINUTOS,19.95"
PRL30,PROLACTINA - 30 MINUTOS,19.95,"PRL30,PROLACTINA - 30 MINUTOS,19.95"
PRL40,PROLACTINA - 40 MINUTOS,19.95,"PRL40,PROLACTINA - 40 MINUTOS,19.95"
PRL45,PROLACTINA - 45 MINUTOS,19.95,"PRL45,PROLACTINA - 45 MINUTOS,19.95"
PRL60,PROLACTINA - 60 MINUTOS,19.95,"PRL60,PROLACTINA - 60 MINUTOS,19.95"
PRL80,PROLACTINA - 80 MINUTOS,19.95,"PRL80,PROLACTINA - 80 MINUTOS,19.95"
PRL90,PROLACTINA - 90 MINUTOS,19.95,"PRL90,PROLACTINA - 90 MINUTOS,19.95"
PRB24,PROTEÍNA BENCE JONES - URINA 24 HORAS,14.95,"PRB24,PROTEINA BENCE JONES - URINA 24 HORAS,14.95"
PTCF,PROTEÍNA C - FUNCIONAL,76,"PTCF,PROTEINA C - FUNCIONAL,76"
PCR,PROTEÍNA C REATIVA - ULTRASSENSÍVEL,26.95,"PCR,PROTEINA C REATIVA - ULTRASSENSIVEL,26.95"
PTL,PROTEÍNA TOTAL NO LÍQUOR,13.2,"PTL,PROTEINA TOTAL NO LIQUOR,13.2"
PTU,PROTEÍNA URINÁRIA,13.2,"PTU,PROTEINA URINARIA,13.2"
PTU12,PROTEÍNA URINÁRIA - 12 HORAS,13.2,"PTU12,PROTEINA URINARIA - 12 HORAS,13.2"
PTU24,PROTEÍNA URINÁRIA 24 HORAS,13.2,"PTU24,PROTEINA URINARIA 24 HORAS,13.2"
PTTO,PROTEÍNAS TOTAIS,12.7,"PTTO,PROTEINAS TOTAIS,12.7"
PTFLC,PROTEÍNAS TOTAIS E FRAÇÕES - LÍQUOR,12.7,"PTFLC,PROTEINAS TOTAIS E FRACOES - LIQUOR,12.7"
PTF,PROTEÍNAS TOTAIS E FRAÇÕES - SORO,12.7,"PTF,PROTEINAS TOTAIS E FRACOES - SORO,12.7"
PTFU,PROTEÍNAS TOTAIS E FRAÇÕES - URINÁRIA,23.8,"PTFU,PROTEINAS TOTAIS E FRACOES - URINARIA,23.8"
PTLIQ,PROTEÍNAS TOTAIS EM LÍQUIDOS,12.7,"PTLIQ,PROTEINAS TOTAIS EM LIQUIDOS,12.7"
PRZN,PROTOPORFIRINA ZINCO,128,"PRZN,PROTOPORFIRINA ZINCO,128"
COPRO,PROVA COPROLÓGICA FUNCIONAL,15.7,"COPRO,PROVA COPROLOGICA FUNCIONAL,15.7"
PSAL,PSA LIVRE - ANTÍGENO PROSTÁTICO ESPECÍFICO,34.95,"PSAL,PSA LIVRE - ANTIGENO PROSTATICO ESPECIFICO,34.95"
PSAT,PSA TOTAL - ANTÍGENO PROSTÁTICO ESPECÍFICO,34.95,"PSAT,PSA TOTAL - ANTIGENO PROSTATICO ESPECIFICO,34.95"
PSATM,PSA TOTAL - ANTÍGENO PROSTÁTICO ESPECÍFICO  MULHER,34.95,"PSATM,PSA TOTAL - ANTIGENO PROSTATICO ESPECIFICO  MULHER,34.95"
PSATL,PSA TOTAL / LIVRE,43.1,"PSATL,PSA TOTAL / LIVRE,43.1"
RAUCR,RELAÇÃO ÁCIDO ÚRICO/ CREATININA - AMOSTRA ISOLADA,14.95,"RAUCR,RELACAO ACIDO URICO/ CREATININA - AMOSTRA ISOLADA,14.95"
RCACR,RELAÇÃO CÁLCIO CREATININA - AMOSTRA ISOLADA,14.95,"RCACR,RELACAO CALCIO CREATININA - AMOSTRA ISOLADA,14.95"
RKCRE,RELAÇÃO POTÁSSIO/CREATININA,14.95,"RKCRE,RELACAO POTASSIO/CREATININA,14.95"
RPTCR,RELAÇÃO PROTEÍNA/CREATININA URINÁRIA,14.95,"RPTCR,RELACAO PROTEINA/CREATININA URINARIA,14.95"
RURCR,RELAÇÃO URÉIA/ CREATININA - AMOSTRA ISOLADA,14.95,"RURCR,RELACAO UREIA/ CREATININA - AMOSTRA ISOLADA,14.95"
ROTA,ROTAVÍRUS - PESQUISA,108,"ROTA,ROTAVIRUS - PESQUISA,108"
SOP,SANGUE OCULTO - PESQUISA,14.2,"SOP,SANGUE OCULTO - PESQUISA,14.2"
SARAG,SARAMPO - ANTICORPOS IGG,76,"SARAG,SARAMPO - ANTICORPOS IGG,76"
SARAM,SARAMPO - ANTICORPOS IGM,76,"SARAM,SARAMPO - ANTICORPOS IGM,76"
SELSG,SELÊNIO - SANGUE TOTAL,48,"SELSG,SELENIO - SANGUE TOTAL,48"
SELEN,SELÊNIO SÉRICO,43,"SELEN,SELENIO SERICO,43"
SELUR,"SELÊNIO, URINA",140,"SELUR,SELENIO, URINA,140"
SEROT,SEROTONINA SÉRICA,458,"SEROT,SEROTONINA SERICA,458"
SEXFE,SEXAGEM FETAL,430,"SEXFE,SEXAGEM FETAL,430"
SIFT,SÍFILIS - ANTICORPOS TOTAIS,25.45,"SIFT,SIFILIS - ANTICORPOS TOTAIS,25.45"
,SÓDIO,12.7,"nan,SODIO,12.7"
NAU,SÓDIO URINÁRIO,12.45,"NAU,SODIO URINARIO,12.45"
NAUT,SÓDIO URINÁRIO - 24 HORAS,12.45,"NAUT,SODIO URINARIO - 24 HORAS,12.45"
SOMTN,SOMATOSTATINA,356,"SOMTN,SOMATOSTATINA,356"
SRP,SUBSTÂNCIAS REDUTORAS - PESQUISA,12.7,"SRP,SUBSTANCIAS REDUTORAS - PESQUISA,12.7"
SRU,SUBSTÂNCIAS REDUTORAS - URINA,14.95,"SRU,SUBSTANCIAS REDUTORAS - URINA,14.95"
DHEAS,SULFATO DE DEHIDROEPIANDROSTERONA,18.05,"DHEAS,SULFATO DE DEHIDROEPIANDROSTERONA,18.05"
DHEASA,SULFATO DE DEHIDROEPIANDROSTERONA ,18.05,"DHEASA,SULFATO DE DEHIDROEPIANDROSTERONA ,18.05"
DHS12,SULFATO DE DEHIDROEPIANDROSTERONA - 120 MINUTOS,18.05,"DHS12,SULFATO DE DEHIDROEPIANDROSTERONA - 120 MINUTOS,18.05"
DHS1,SULFATO DE DEHIDROEPIANDROSTERONA - 15 MINUTOS,18.05,"DHS1,SULFATO DE DEHIDROEPIANDROSTERONA - 15 MINUTOS,18.05"
DHS15,SULFATO DE DEHIDROEPIANDROSTERONA - 150 MINUTOS,18.05,"DHS15,SULFATO DE DEHIDROEPIANDROSTERONA - 150 MINUTOS,18.05"
DHS18,SULFATO DE DEHIDROEPIANDROSTERONA - 180 MINUTOS,18.05,"DHS18,SULFATO DE DEHIDROEPIANDROSTERONA - 180 MINUTOS,18.05"
DHS24,SULFATO DE DEHIDROEPIANDROSTERONA - 240 MINUTOS,18.05,"DHS24,SULFATO DE DEHIDROEPIANDROSTERONA - 240 MINUTOS,18.05"
T3,T3 - TRIIODOTIRONINA,27.35,"T3,T3 - TRIIODOTIRONINA,27.35"
T3LA,T3 - TRIIODOTIRONINA LIVRE ,36.2,"T3LA,T3 - TRIIODOTIRONINA LIVRE ,36.2"
T3RET,T3 - TRIIODOTIRONINA RETENÇÃO,25.75,"T3RET,T3 - TRIIODOTIRONINA RETENCAO,25.75"
T3REV,T3 - TRIIODOTIRONINA REVERSO,82.92,"T3REV,T3 - TRIIODOTIRONINA REVERSO,82.92"
T4,T4 - TIROXINA,13.2,"T4,T4 - TIROXINA,13.2"
T4L,T4 - TIROXINA LIVRE,13.2,"T4L,T4 - TIROXINA LIVRE,13.2"
T4L12,T4 - TIROXINA LIVRE - 120 MINUTOS,13.2,"T4L12,T4 - TIROXINA LIVRE - 120 MINUTOS,13.2"
T4L1,T4 - TIROXINA LIVRE - 15 MINUTOS,13.2,"T4L1,T4 - TIROXINA LIVRE - 15 MINUTOS,13.2"
T4L15,T4 - TIROXINA LIVRE - 150 MINUTOS,13.2,"T4L15,T4 - TIROXINA LIVRE - 150 MINUTOS,13.2"
T4L18,T4 - TIROXINA LIVRE - 180 MINUTOS,13.2,"T4L18,T4 - TIROXINA LIVRE - 180 MINUTOS,13.2"
T4L24,T4 - TIROXINA LIVRE - 240 MINUTOS,13.2,"T4L24,T4 - TIROXINA LIVRE - 240 MINUTOS,13.2"
T4L30,T4 - TIROXINA LIVRE - 30 MINUTOS,13.2,"T4L30,T4 - TIROXINA LIVRE - 30 MINUTOS,13.2"
T4L45,T4 - TIROXINA LIVRE - 45 MINUTOS,13.2,"T4L45,T4 - TIROXINA LIVRE - 45 MINUTOS,13.2"
T4L90,T4 - TIROXINA LIVRE - 90 MINUTOS,13.2,"T4L90,T4 - TIROXINA LIVRE - 90 MINUTOS,13.2"
T4L60,T4 - TIROXINA LIVRE 60 MINUTOS,13.2,"T4L60,T4 - TIROXINA LIVRE 60 MINUTOS,13.2"
NEUCOV,"TESTE DE NEUTRALIZAÇÃO SARS-COV-2/COVID19, ANTICORPOS TOTAIS - SORO",580,"NEUCOV,TESTE DE NEUTRALIZACAO SARS-COV-2/COVID19, ANTICORPOS TOTAIS - SORO,580"
DUO,TESTE DE PATERNIDADE DUO - FILHO(A) E PAI,480,"DUO,TESTE DE PATERNIDADE DUO - FILHO(A) E PAI,480"
PAT,"TESTE DE PATERNIDADE TRIO - MÃE, FILHO(A) E PAI",480,"PAT,TESTE DE PATERNIDADE TRIO - MAE, FILHO(A) E PAI,480"
CORTD,TESTE DE SUPRESSÃO DO CORTISOL PÓS DEXAMETASONA,12.35,"CORTD,TESTE DE SUPRESSAO DO CORTISOL POS DEXAMETASONA,12.35"
TAD12,TESTE DE TOLERÂNCIA À LACTOSE - 120 MINUTOS,16.6,"TAD12,TESTE DE TOLERANCIA A LACTOSE - 120 MINUTOS,16.6"
TAD1,TESTE DE TOLERÂNCIA À LACTOSE - 15 MINUTOS,16.6,"TAD1,TESTE DE TOLERANCIA A LACTOSE - 15 MINUTOS,16.6"
TAD15,TESTE DE TOLERÂNCIA À LACTOSE - 150 MINUTOS,16.6,"TAD15,TESTE DE TOLERANCIA A LACTOSE - 150 MINUTOS,16.6"
TAD18,TESTE DE TOLERÂNCIA À LACTOSE - 180 MINUTOS,16.6,"TAD18,TESTE DE TOLERANCIA A LACTOSE - 180 MINUTOS,16.6"
TAD20,TESTE DE TOLERÂNCIA À LACTOSE - 20 MINUTOS,16.6,"TAD20,TESTE DE TOLERANCIA A LACTOSE - 20 MINUTOS,16.6"
TAD24,TESTE DE TOLERÂNCIA À LACTOSE - 240 MINUTOS,16.6,"TAD24,TESTE DE TOLERANCIA A LACTOSE - 240 MINUTOS,16.6"
TAD30,TESTE DE TOLERÂNCIA À LACTOSE - 30 MINUTOS,16.6,"TAD30,TESTE DE TOLERANCIA A LACTOSE - 30 MINUTOS,16.6"
TAD45,TESTE DE TOLERÂNCIA À LACTOSE - 45 MINUTOS,16.6,"TAD45,TESTE DE TOLERANCIA A LACTOSE - 45 MINUTOS,16.6"
TAD60,TESTE DE TOLERÂNCIA À LACTOSE - 60 MINUTOS,16.6,"TAD60,TESTE DE TOLERANCIA A LACTOSE - 60 MINUTOS,16.6"
TAD90,TESTE DE TOLERÂNCIA À LACTOSE - 90 MINUTOS,16.6,"TAD90,TESTE DE TOLERANCIA A LACTOSE - 90 MINUTOS,16.6"
LACTG,TESTE GENÉTICO DE INTOLERÂNCIA A LACTOSE,220,"LACTG,TESTE GENETICO DE INTOLERANCIA A LACTOSE,220"
TES12,TESTOSTERONA - 120 MINUTOS,24.95,"TES12,TESTOSTERONA - 120 MINUTOS,24.95"
TES1,TESTOSTERONA - 15 MINUTOS,24.95,"TES1,TESTOSTERONA - 15 MINUTOS,24.95"
TES15,TESTOSTERONA - 150 MINUTOS,24.95,"TES15,TESTOSTERONA - 150 MINUTOS,24.95"
TES18,TESTOSTERONA - 180 MINUTOS,24.95,"TES18,TESTOSTERONA - 180 MINUTOS,24.95"
TES24,TESTOSTERONA - 240 MINUTOS,24.95,"TES24,TESTOSTERONA - 240 MINUTOS,24.95"
TES30,TESTOSTERONA - 30 MINUTOS,24.95,"TES30,TESTOSTERONA - 30 MINUTOS,24.95"
TES45,TESTOSTERONA - 45 MINUTOS,24.95,"TES45,TESTOSTERONA - 45 MINUTOS,24.95"
TES60,TESTOSTERONA - 60 MINUTOS,24.95,"TES60,TESTOSTERONA - 60 MINUTOS,24.95"
TES90,TESTOSTERONA - 90 MINUTOS,24.95,"TES90,TESTOSTERONA - 90 MINUTOS,24.95"
TESBI,TESTOSTERONA BIODISPONÍVEL,48,"TESBI,TESTOSTERONA BIODISPONIVEL,48"
TESTLA,TESTOSTERONA LIVRE ,39.95,"TESTLA,TESTOSTERONA LIVRE ,39.95"
TEL12,TESTOSTERONA LIVRE - 120 MINUTOS,39.95,"TEL12,TESTOSTERONA LIVRE - 120 MINUTOS,39.95"
TEL1,TESTOSTERONA LIVRE - 15 MINUTOS,39.95,"TEL1,TESTOSTERONA LIVRE - 15 MINUTOS,39.95"
TEL15,TESTOSTERONA LIVRE - 150 MINUTOS,39.95,"TEL15,TESTOSTERONA LIVRE - 150 MINUTOS,39.95"
TEL18,TESTOSTERONA LIVRE - 180 MINUTOS,39.95,"TEL18,TESTOSTERONA LIVRE - 180 MINUTOS,39.95"
TEL24,TESTOSTERONA LIVRE - 240 MINUTOS,39.95,"TEL24,TESTOSTERONA LIVRE - 240 MINUTOS,39.95"
TEL30,TESTOSTERONA LIVRE - 30 MINUTOS,39.95,"TEL30,TESTOSTERONA LIVRE - 30 MINUTOS,39.95"
TEL45,TESTOSTERONA LIVRE - 45 MINUTOS,39.95,"TEL45,TESTOSTERONA LIVRE - 45 MINUTOS,39.95"
TEL60,TESTOSTERONA LIVRE - 60 MINUTOS,39.95,"TEL60,TESTOSTERONA LIVRE - 60 MINUTOS,39.95"
TEL90,TESTOSTERONA LIVRE - 90 MINUTOS,39.95,"TEL90,TESTOSTERONA LIVRE - 90 MINUTOS,39.95"
TESTTA,TESTOSTERONA TOTAL ,24.95,"TESTTA,TESTOSTERONA TOTAL ,24.95"
TIOCI,TIOCIANATO INÍCIO DE JORNADA,24.95,"TIOCI,TIOCIANATO INICIO DE JORNADA,24.95"
TIOC,TIOCIANATO URINÁRIO FINAL DE JORNADA DE TRABALHO,24.95,"TIOC,TIOCIANATO URINARIO FINAL DE JORNADA DE TRABALHO,24.95"
TIRO,TIREOGLOBULINA,102,"TIRO,TIREOGLOBULINA,102"
TOXGL,TOXOPLASMOSE - ANTICORPOS IGG - LÍQUOR (IFI),39.9,"TOXGL,TOXOPLASMOSE - ANTICORPOS IGG - LIQUOR (IFI),39.9"
TOXG,TOXOPLASMOSE - ANTICORPOS IGG (CLIA),15.95,"TOXG,TOXOPLASMOSE - ANTICORPOS IGG (CLIA),15.95"
TOXGI,TOXOPLASMOSE - ANTICORPOS IGG (IFI),43.95,"TOXGI,TOXOPLASMOSE - ANTICORPOS IGG (IFI),43.95"
TOXML,TOXOPLASMOSE - ANTICORPOS IGM - LÍQUOR (IFI),39.45,"TOXML,TOXOPLASMOSE - ANTICORPOS IGM - LIQUOR (IFI),39.45"
TOXM,TOXOPLASMOSE - ANTICORPOS IGM (CLIA),28.25,"TOXM,TOXOPLASMOSE - ANTICORPOS IGM (CLIA),28.25"
TOXMI,TOXOPLASMOSE - ANTICORPOS IGM (IFI),40.2,"TOXMI,TOXOPLASMOSE - ANTICORPOS IGM (IFI),40.2"
TRAB,TRAB - ANTICORPOS ANTI RECEPTOR  DE TSH,98,"TRAB,TRAB - ANTICORPOS ANTI RECEPTOR  DE TSH,98"
TRIGL,TRIGLICÉRIDES,12.7,"TRIGL,TRIGLICERIDES,12.7"
TROPIA,TROPONINA CARDÍACA - I  ,80.06,"TROPIA,TROPONINA CARDIACA - I  ,80.06"
TSH,TSH - HORMÔNIO TIREOESTIMULANTE,13.2,"TSH,TSH - HORMONIO TIREOESTIMULANTE,13.2"
TSH12,TSH - HORMÔNIO TIREOESTIMULANTE - 120 MINUTOS,13.2,"TSH12,TSH - HORMONIO TIREOESTIMULANTE - 120 MINUTOS,13.2"
TSH1,TSH - HORMÔNIO TIREOESTIMULANTE - 15 MINUTOS,13.2,"TSH1,TSH - HORMONIO TIREOESTIMULANTE - 15 MINUTOS,13.2"
TSH15,TSH - HORMÔNIO TIREOESTIMULANTE - 150 MINUTOS,13.2,"TSH15,TSH - HORMONIO TIREOESTIMULANTE - 150 MINUTOS,13.2"
TSH18,TSH - HORMÔNIO TIREOESTIMULANTE - 180 MINUTOS,13.2,"TSH18,TSH - HORMONIO TIREOESTIMULANTE - 180 MINUTOS,13.2"
TSH24,TSH - HORMÔNIO TIREOESTIMULANTE - 240 MINUTOS,13.2,"TSH24,TSH - HORMONIO TIREOESTIMULANTE - 240 MINUTOS,13.2"
TSH30,TSH - HORMÔNIO TIREOESTIMULANTE - 30 MINUTOS,13.2,"TSH30,TSH - HORMONIO TIREOESTIMULANTE - 30 MINUTOS,13.2"
TSH45,TSH - HORMÔNIO TIREOESTIMULANTE - 45 MINUTOS,13.2,"TSH45,TSH - HORMONIO TIREOESTIMULANTE - 45 MINUTOS,13.2"
TSH60,TSH - HORMÔNIO TIREOESTIMULANTE - 60 MINUTOS,13.2,"TSH60,TSH - HORMONIO TIREOESTIMULANTE - 60 MINUTOS,13.2"
TSH90,TSH - HORMÔNIO TIREOESTIMULANTE - 90 MINUTOS,13.2,"TSH90,TSH - HORMONIO TIREOESTIMULANTE - 90 MINUTOS,13.2"
URE,UREIA,13.2,"URE,UREIA,13.2"
UREDI,URÉIA PÓS DIÁLISE,12.7,"UREDI,UREIA POS DIALISE,12.7"
UREUT,UREIA URINÁRIA 24 HORAS ,13.85,"UREUT,UREIA URINARIA 24 HORAS ,13.85"
CULB,UROCULTURA E ANTIBIOGRAMA - ÁCIDO BÓRICO,56,"CULB,UROCULTURA E ANTIBIOGRAMA - ACIDO BORICO,56"
CULT,UROCULTURA E ANTIBIOGRAMA COM CONTAGEM DE COLÔNIAS,56,"CULT,UROCULTURA E ANTIBIOGRAMA COM CONTAGEM DE COLONIAS,56"
CULH,UROCULTURA E ANTIBIOGRAMA COM CONTAGEM DE COLÔNIAS - HOSPITALAR,56,"CULH,UROCULTURA E ANTIBIOGRAMA COM CONTAGEM DE COLONIAS - HOSPITALAR,56"
VDRLC,VDRL - LÍQUOR,21.2,"VDRLC,VDRL - LIQUOR,21.2"
VDRL,VDRL - SORO,12.48,"VDRL,VDRL - SORO,12.48"
VHS,VELOCIDADE DE HEMOSSEDIMENTAÇÃO,14.32,"VHS,VELOCIDADE DE HEMOSSEDIMENTACAO,14.32"
VITA,VITAMINA A,168,"VITA,VITAMINA A,168"
VITB1,VITAMINA B1,278,"VITB1,VITAMINA B1,278"
VB12A,VITAMINA B12 ,32.35,"VB12A,VITAMINA B12 ,32.35"
VITB2,VITAMINA B2,278,"VITB2,VITAMINA B2,278"
VITB3,VITAMINA B3,420,"VITB3,VITAMINA B3,420"
VITB5,VITAMINA B5 - ÁCIDO PANTOTÊNICO,890,"VITB5,VITAMINA B5 - ACIDO PANTOTENICO,890"
VITB6,VITAMINA B6,268,"VITB6,VITAMINA B6,268"
VITAC,VITAMINA C,156,"VITAC,VITAMINA C,156"
VI125,"VITAMINA D - 1,25 DIHIDROXI",138,"VI125,VITAMINA D - 1,25 DIHIDROXI,138"
XVT25D,VITAMINA D - 25 HIDROXI,21.1,"XVT25D,VITAMINA D - 25 HIDROXI,21.1"
VITE,VITAMINA E,163,"VITE,VITAMINA E,163"
VITAH,VITAMINA H,540,"VITAH,VITAMINA H,540"
VITK,VITAMINA K-1 (FILOQUINONA),540,"VITK,VITAMINA K-1 (FILOQUINONA),540"
ZICAG,ZIKA VÍRUS ANTICORPOS IGG,327,"ZICAG,ZIKA VIRUS ANTICORPOS IGG,327"
ZICAM,ZIKA VÍRUS ANTICORPOS IGM,348,"ZICAM,ZIKA VIRUS ANTICORPOS IGM,348"
ZIKAP,ZIKA VÍRUS DETECÇÃO POR PCR - PLASMA,420,"ZIKAP,ZIKA VIRUS DETECCAO POR PCR - PLASMA,420"
ZNS,ZINCO SÉRICO,36,"ZNS,ZINCO SERICO,36"
ZNURI,ZINCO URINÁRIO,39.95,"ZNURI,ZINCO URINARIO,39.95"
ZN24,ZINCO URINÁRIO 24 HORAS,12.7,"ZN24,ZINCO URINARIO 24 HORAS,12.7"
ZENUI,ZINCO URINÁRIO INÍCIO DE JORNADA DE TRABALHO,39.95,"ZENUI,ZINCO URINARIO INICIO DE JORNADA DE TRABALHO,39.95"
